<?xml version="1.0" encoding="utf-8"?>
<locale>
	<frontend>
		<core>
			<item type="label" name="Image">
				<translation language="nl"><![CDATA[afbeelding]]></translation>
				<translation language="en"><![CDATA[image]]></translation>
			</item>
			<item type="label" name="Images">
				<translation language="nl"><![CDATA[afbeeldingen]]></translation>
				<translation language="en"><![CDATA[images]]></translation>
			</item>
			<item type="message" name="ImagesInAlbum">
				<translation language="nl"><![CDATA[%1s afbeeldingen in het album]]></translation>
				<translation language="en"><![CDATA[%1s images in the album]]></translation>
			</item>
			<item type="label" name="PreviousAlbum">
				<translation language="nl"><![CDATA[vorige album]]></translation>
				<translation language="en"><![CDATA[previous album]]></translation>
			</item>
			<item type="label" name="NextAlbum">
				<translation language="nl"><![CDATA[volgende album]]></translation>
				<translation language="en"><![CDATA[next album]]></translation>
			</item>
			<item type="label" name="PreviousImage">
				<translation language="nl"><![CDATA[vorige afbeelding]]></translation>
				<translation language="en"><![CDATA[previous image]]></translation>
			</item>
			<item type="label" name="NextImage">
				<translation language="nl"><![CDATA[volgende afbeelding]]></translation>
				<translation language="en"><![CDATA[next image]]></translation>
			</item>
			<item type="action" name="Detail">
				<translation language="nl"><![CDATA[detail]]></translation>
				<translation language="en"><![CDATA[detail]]></translation>
			</item>
			<item type="action" name="Image">
				<translation language="nl"><![CDATA[afbeelding]]></translation>
				<translation language="en"><![CDATA[image]]></translation>
			</item>
			<item type="action" name="LightboxImage">
				<translation language="nl"><![CDATA[afbeelding]]></translation>
				<translation language="en"><![CDATA[image]]></translation>
			</item>
		</core>
	</frontend>
	<backend>
		<core>
			<item type="label" name="Photogallery">
				<translation language="nl"><![CDATA[fotogalerij]]></translation>
				<translation language="en"><![CDATA[photogallery]]></translation>
			</item>
			<item type="label" name="CategoryNavigation">
				<translation language="en"><![CDATA[category navigation]]></translation>
				<translation language="nl"><![CDATA[categorie navigatie]]></translation>
			</item>
		
			<item type="label" name="RelatedListByCategories">
				<translation language="en"><![CDATA[related list by categories]]></translation>
				<translation language="nl"><![CDATA[gerelateerde lijst door categorieën]]></translation>
			</item>
			<item type="label" name="RelatedListByTags">
				<translation language="en"><![CDATA[related list by tags]]></translation>
				<translation language="nl"><![CDATA[gerelateerde lijst door tags]]></translation>
			</item>
		</core>
		<photogallery>
			<item type="error" name="RSSDescription">
				<translation language="en"><![CDATA[Photogallery RSS description is not yet provided. <a href="%1$s">Configure</a>]]></translation>
				<translation language="nl"><![CDATA[Fotogallerij RSS beschrijving is nog niet geconfigureerd. <a href="%1$s">Configureer</a>]]></translation>
			</item>

			<item type="error" name="AmazonS3NotConfigured">
				<translation language="en"><![CDATA[Amazon S3 is not configured]]></translation>
				<translation language="nl"><![CDATA[Amazon S3 is niet geconfigureerd]]></translation>
			</item>

			<item type="error" name="FileSizeIsToLarge">
				<translation language="en"><![CDATA[The filesize is to large]]></translation>
				<translation language="nl"><![CDATA[De bestandsgrootte is te groot]]></translation>
			</item>

			<item type="message" name="AddedCronjobs">
				<translation language="en"><![CDATA[The cronjobs are added.]]></translation>
				<translation language="nl"><![CDATA[De cronjobs zijn toegevoegd.]]></translation>
			</item>

			<item type="message" name="ConfirmMassPublish">
				<translation language="en"><![CDATA[Confirm to publish.]]></translation>
				<translation language="nl"><![CDATA[Bevestig om te publiceren.]]></translation>
			</item>

			<item type="message" name="ConfirmMassHidden">
				<translation language="en"><![CDATA[Confirm to hide.]]></translation>
				<translation language="nl"><![CDATA[Bevestig om te verbergen.]]></translation>
			</item>

			 <item type="message" name="HelpMeta">
		        <translation language="nl"><![CDATA[Toon de meta informatie van deze album in de RSS feed (categorie)]]></translation>
		        <translation language="en"><![CDATA[Show the meta information for this album in the RSS feed (category)]]></translation>
		      </item>
		
		
			 <item type="message" name="HelpPingServices">
		        <translation language="nl"><![CDATA[Laat verschillende blogservices weten wanneer je een nieuw album plaatst.]]></translation>
		        <translation language="en"><![CDATA[Let various blogservices know when you've posted a new album.]]></translation>
		        <translation language="it"><![CDATA[Informa diversi blogservices quando pubblichi un nuovo articolo.]]></translation>
		        <translation language="ru"><![CDATA[Разрешить другим блого-сервисам знать о дате новых записей.]]></translation>
		        <translation language="cn"><![CDATA[让多个不同的博客服务提供商知道你发布了一篇新文章。]]></translation>
		        <translation language="de"><![CDATA[Informiere verschiedene Blogging-Dienste sobald du einen neuen Artikel veröffentlicht hast.]]></translation>
		        <translation language="hu"><![CDATA[Tudj meg több más blogszolgáltatást, mikor új cikket teszel közzé.]]></translation>
		        <translation language="fr"><![CDATA[Informez plusieurs services de blog que vous avez posté un nouvel article.]]></translation>
		        <translation language="es"><![CDATA[avisa a varios servicios de blog cuando publicas un nuevo artículo.]]></translation>
		      </item>
			
			<item type="label" name="ItemsPerPage">
				<translation language="en"><![CDATA[items per page]]></translation>
				<translation language="nl"><![CDATA[items per pagina]]></translation>
			</item>
			
			<item type="label" name="Key">
				<translation language="en"><![CDATA[key]]></translation>
				<translation language="nl"><![CDATA[sleutel]]></translation>
			</item>
			
			<item type="label" name="License">
				<translation language="en"><![CDATA[license]]></translation>
				<translation language="nl"><![CDATA[licentie]]></translation>
			</item>
			
			<item type="label" name="Domain">
				<translation language="en"><![CDATA[domain]]></translation>
				<translation language="nl"><![CDATA[domein]]></translation>
			</item>
			
			<item type="label" name="ItemsPerCategoryPage">
				<translation language="en"><![CDATA[items per category page]]></translation>
				<translation language="nl"><![CDATA[items per categorie pagina]]></translation>
			</item>
			
			<item type="message" name="NumItemsInRelatedCategoryList">
				<translation language="en"><![CDATA[Number of items in the related albums by category list widget]]></translation>
				<translation language="nl"><![CDATA[Aantal items in de gerelateerde albums door categorie lijst widget]]></translation>
			</item>
			
			<item type="message" name="NumItemsInRelatedTagsList">
				<translation language="en"><![CDATA[Number of items in the related albums by tag list widget]]></translation>
				<translation language="nl"><![CDATA[Aantal items in de gerelateerde albums door tag lijst widget]]></translation>
			</item>
			
			
			<item type="message" name="NumItemsByRelatedCategories">
				<translation language="en"><![CDATA[Number of items in the related albums by category widget]]></translation>
				<translation language="nl"><![CDATA[Aantal items in de gerelateerde albums door categorie widget]]></translation>
				
			</item>
			
			<item type="message" name="NumItemsByRelatedTags">
				<translation language="en"><![CDATA[Number of items in the related albums by tags widget]]></translation>
				<translation language="nl"><![CDATA[Aantal items in de gerelateerde albums door tag widget]]></translation>
			</item>
			
			<item type="label" name="RelatedByCategories">
				<translation language="en"><![CDATA[related by categories]]></translation>
				<translation language="nl"><![CDATA[gerelateerd door categorieën]]></translation>
			</item>
			<item type="label" name="RelatedByTags">
				<translation language="en"><![CDATA[related by tags]]></translation>
				<translation language="nl"><![CDATA[gerelateerd door tags]]></translation>
			</item>
			<item type="label" name="CategoryNavigation">
				<translation language="en"><![CDATA[category navigation]]></translation>
				<translation language="nl"><![CDATA[categorie navigatie]]></translation>
			</item>

			<item type="label" name="AlbumDetailOverviewThumbnail">
				<translation language="en"><![CDATA[detail overview thumbnail]]></translation>
				<translation language="nl"><![CDATA[detail overzicht thumbnaul]]></translation>
			</item>
			<item type="label" name="NumAlbums">
				<translation language="en"><![CDATA[albums]]></translation>
				<translation language="nl"><![CDATA[albums]]></translation>
			</item>
			<item type="label" name="Display">
				<translation language="en"><![CDATA[display]]></translation>
				<translation language="nl"><![CDATA[weergave]]></translation>
			</item>
			<item type="label" name="SaveModule">
				<translation language="en"><![CDATA[save module]]></translation>
				<translation language="nl"><![CDATA[sla module op]]></translation>
			</item>
			<item type="label" name="AlbumOverviewThumbnail">
				<translation language="en"><![CDATA[overview thumbnail]]></translation>
				<translation language="nl"><![CDATA[overzicht thumbnail]]></translation>
			</item>
			<item type="label" name="Action">
				<translation language="en"><![CDATA[action]]></translation>
				<translation language="nl"><![CDATA[actie]]></translation>
			</item>
			<item type="label" name="ExistingAlbums">
				<translation language="en"><![CDATA[existing albums]]></translation>
				<translation language="nl"><![CDATA[bestaande albums]]></translation>
			</item>
			<item type="label" name="InternalLink">
				<translation language="en"><![CDATA[internal link]]></translation>
				<translation language="nl"><![CDATA[interne link]]></translation>
			</item>
			<item type="label" name="ExternalLink">
				<translation language="en"><![CDATA[external link]]></translation>
				<translation language="nl"><![CDATA[externe link]]></translation>
			</item>
			<item type="label" name="Photogallery">
				<translation language="en"><![CDATA[photogallery]]></translation>
				<translation language="nl"><![CDATA[fotogalerij]]></translation>
			</item>
			<item type="label" name="AddAlbum">
				<translation language="en"><![CDATA[add album]]></translation>
				<translation language="nl"><![CDATA[voeg album toe]]></translation>
			</item>
			<item type="label" name="AddImages">
				<translation language="en"><![CDATA[add images]]></translation>
				<translation language="nl"><![CDATA[voeg afbeeldingen toe]]></translation>
			</item>
			<item type="label" name="AddImagesForAlbum">
				<translation language="en"><![CDATA[add images for album "%1$s".]]></translation>
				<translation language="nl"><![CDATA[voeg afbeeldingen voor album "%1$s" toe.]]></translation>
			</item>
			<item type="label" name="AddResolution">
				<translation language="en"><![CDATA[add resolution]]></translation>
				<translation language="nl"><![CDATA[voeg resolutie toe]]></translation>
			</item>
			<item type="label" name="Resolutions">
				<translation language="en"><![CDATA[resolutions]]></translation>
				<translation language="nl"><![CDATA[resoluties]]></translation>
			</item>
			<item type="label" name="AddWidgetType">
				<translation language="en"><![CDATA[add widget "%1s"]]></translation>
				<translation language="nl"><![CDATA[voeg widget "%1s" toe]]></translation>
			</item>
			<item type="label" name="AddWidget">
				<translation language="en"><![CDATA[add widget]]></translation>
				<translation language="nl"><![CDATA[voeg widget toe]]></translation>
			</item>
			<item type="label" name="AddWidgetChoose">
				<translation language="en"><![CDATA[choose a widget type]]></translation>
				<translation language="nl"><![CDATA[kies een widget type]]></translation>
			</item>
			<item type="label" name="WidgetTypes">
				<translation language="en"><![CDATA[widget type]]></translation>
				<translation language="nl"><![CDATA[widget type]]></translation>
			</item>
			<item type="label" name="Album">
				<translation language="en"><![CDATA[album]]></translation>
				<translation language="nl"><![CDATA[album]]></translation>
			</item>
			<item type="label" name="AlbumsDetailOverviewThumbnail">
				<translation language="en"><![CDATA[album detail overview thumbnail]]></translation>
				<translation language="nl"><![CDATA[album detail overzicht thumbnail]]></translation>
			</item>
			<item type="label" name="AlbumsAndCategoryOverviewThumbnail">
				<translation language="en"><![CDATA[album and category overview thumbnail]]></translation>
				<translation language="nl"><![CDATA[album en categorie overzicht thumbnail]]></translation>
			</item>
			<item type="label" name="Albums">
				<translation language="en"><![CDATA[albums]]></translation>
				<translation language="nl"><![CDATA[albums]]></translation>
			</item>
			<item type="label" name="Categories">
				<translation language="en"><![CDATA[categories]]></translation>
				<translation language="nl"><![CDATA[categorieën]]></translation>
			</item>
			<item type="label" name="ChooseACategory">
				<translation language="en"><![CDATA[choose a category]]></translation>
				<translation language="nl"><![CDATA[kies een categorie]]></translation>
			</item>
			<item type="label" name="ChooseAnExistingAlbum">
				<translation language="en"><![CDATA[choose an existing album]]></translation>
				<translation language="nl"><![CDATA[kies een bestaand album]]></translation>
			</item>
			<item type="label" name="ChooseAResizeMethod">
				<translation language="en"><![CDATA[choose a resize method]]></translation>
				<translation language="nl"><![CDATA[kies een schaal methode]]></translation>
			</item>
			<item type="label" name="ChooseAStatus">
				<translation language="en"><![CDATA[choose a status]]></translation>
				<translation language="nl"><![CDATA[kies een status]]></translation>
			</item>
			<item type="label" name="Crop">
				<translation language="en"><![CDATA[crop]]></translation>
				<translation language="nl"><![CDATA[bijsnijden]]></translation>
			</item>
			<item type="label" name="EditModule">
				<translation language="en"><![CDATA[edit module "%1s"]]></translation>
				<translation language="nl"><![CDATA[wijzig module "%1s"]]></translation>
			</item>
			<item type="label" name="EditWidget">
				<translation language="en"><![CDATA[edit widget "%1s"]]></translation>
				<translation language="nl"><![CDATA[wijzig widget "%1s"]]></translation>
			</item>
			<item type="label" name="ExistingImages">
				<translation language="en"><![CDATA[existing images]]></translation>
				<translation language="nl"><![CDATA[bestaande afbeeldingen]]></translation>
			</item>
			<item type="label" name="Extras">
				<translation language="en"><![CDATA[extras]]></translation>
				<translation language="nl"><![CDATA[extras]]></translation>
			</item>
			<item type="label" name="Height">
				<translation language="en"><![CDATA[height]]></translation>
				<translation language="nl"><![CDATA[hoogte]]></translation>
			</item>
			<item type="label" name="Hide">
				<translation language="en"><![CDATA[hide]]></translation>
				<translation language="nl"><![CDATA[verberg]]></translation>
			</item>
			<item type="label" name="Images">
				<translation language="en"><![CDATA[images]]></translation>
				<translation language="nl"><![CDATA[afbeeldingen]]></translation>
			</item>
			<item type="label" name="IsHidden">
				<translation language="en"><![CDATA[hidden]]></translation>
				<translation language="nl"><![CDATA[verborgen]]></translation>
			</item>
			<item type="label" name="Kind">
				<translation language="en"><![CDATA[kind]]></translation>
				<translation language="nl"><![CDATA[soort]]></translation>
			</item>
			<item type="label" name="Large">
				<translation language="en"><![CDATA[large]]></translation>
				<translation language="nl"><![CDATA[groot]]></translation>
			</item>
			<item type="label" name="Lightbox">
				<translation language="en"><![CDATA[lightbox]]></translation>
				<translation language="nl"><![CDATA[lightbox]]></translation>
			</item>
			<item type="label" name="Link">
				<translation language="en"><![CDATA[link]]></translation>
				<translation language="nl"><![CDATA[link]]></translation>
			</item>
			<item type="label" name="New">
				<translation language="en"><![CDATA[new]]></translation>
				<translation language="nl"><![CDATA[nieuw]]></translation>
			</item>
			<item type="label" name="No">
				<translation language="en"><![CDATA[no]]></translation>
				<translation language="nl"><![CDATA[nee]]></translation>
			</item>
			<item type="label" name="Options">
				<translation language="en"><![CDATA[options]]></translation>
				<translation language="nl"><![CDATA[opties]]></translation>
			</item>
			<item type="label" name="Paged">
				<translation language="en"><![CDATA[paged]]></translation>
				<translation language="nl"><![CDATA[paginas]]></translation>
			</item>
			<item type="label" name="Resize">
				<translation language="en"><![CDATA[resize]]></translation>
				<translation language="nl"><![CDATA[vergroot]]></translation>
			</item>
			<item type="label" name="ResizeMethod">
				<translation language="en"><![CDATA[resize method]]></translation>
				<translation language="nl"><![CDATA[vergroot methode]]></translation>
			</item>
			<item type="label" name="SaveWidget">
				<translation language="en"><![CDATA[save widget]]></translation>
				<translation language="nl"><![CDATA[sla widget op]]></translation>
			</item>
			<item type="label" name="Slideshow">
				<translation language="en"><![CDATA[slideshow]]></translation>
				<translation language="nl"><![CDATA[slideshow]]></translation>
			</item>
			<item type="label" name="Thumbnail">
				<translation language="en"><![CDATA[thumbnail]]></translation>
				<translation language="nl"><![CDATA[thumbnail]]></translation>
			</item>
			<item type="label" name="Title">
				<translation language="en"><![CDATA[title]]></translation>
				<translation language="nl"><![CDATA[titel]]></translation>
			</item>
			<item type="label" name="Until">
				<translation language="en"><![CDATA[until]]></translation>
				<translation language="nl"><![CDATA[tot]]></translation>
			</item>
			<item type="label" name="UploadImages">
				<translation language="en"><![CDATA[upload images]]></translation>
				<translation language="nl"><![CDATA[upload afbeeldingen]]></translation>
			</item>
			<item type="label" name="UploadZipFile">
				<translation language="en"><![CDATA[upload zip file]]></translation>
				<translation language="nl"><![CDATA[upload zip bestand]]></translation>
			</item>
			<item type="label" name="UseExistingAlbum">
				<translation language="en"><![CDATA[use an existing album]]></translation>
				<translation language="nl"><![CDATA[gebruik een bestaand album]]></translation>
			</item>
			<item type="label" name="WidgetsAndModules">
				<translation language="en"><![CDATA[widgets and modules]]></translation>
				<translation language="nl"><![CDATA[widgets en modules]]></translation>
			</item>
			<item type="label" name="Width">
				<translation language="en"><![CDATA[width]]></translation>
				<translation language="nl"><![CDATA[breedte]]></translation>
			</item>
			<item type="label" name="WizardAddImages">
				<translation language="en"><![CDATA[add images]]></translation>
				<translation language="nl"><![CDATA[voeg afbeeldingen toe]]></translation>
			</item>
			<item type="label" name="WizardInformation">
				<translation language="en"><![CDATA[information]]></translation>
				<translation language="nl"><![CDATA[informatie]]></translation>
			</item>
			<item type="label" name="Yes">
				<translation language="en"><![CDATA[yes]]></translation>
				<translation language="nl"><![CDATA[ja]]></translation>
			</item>
			<item type="label" name="ZipFile">
				<translation language="en"><![CDATA[zip file]]></translation>
				<translation language="nl"><![CDATA[zip bestand]]></translation>
			</item>
			<item type="message" name="AddedAction">
				<translation language="en"><![CDATA[The action was added.]]></translation>
				<translation language="nl"><![CDATA[De actie is toegevoegd.]]></translation>
			</item>
			<item type="message" name="AddedAlbum">
				<translation language="en"><![CDATA[The album was added.]]></translation>
				<translation language="nl"><![CDATA[Het album is toegevoegd.]]></translation>
			</item>
			<item type="message" name="AddedImages">
				<translation language="en"><![CDATA[The images are added.]]></translation>
				<translation language="nl"><![CDATA[De afbeeldingen zijn toegevoegd.]]></translation>
				
			</item>
			<item type="message" name="AddedWidget">
				<translation language="en"><![CDATA[The widget is added.]]></translation>
				<translation language="nl"><![CDATA[De widget is toegevoegd]]></translation>
			</item>
			<item type="message" name="ConfirmDeleteExtra">
				<translation language="en"><![CDATA[Are your sure you want to delete the extra?]]></translation>
				<translation language="nl"><![CDATA[Ben je zeker dat deze extra wil verwijderen?]]></translation>
			</item>
			<item type="message" name="DeletedAlbum">
				<translation language="en"><![CDATA[The album was deleted.]]></translation>
				<translation language="nl"><![CDATA[Het album is verwijderd.]]></translation>
			</item>
			<item type="message" name="DeletedExtra">
				<translation language="en"><![CDATA[The extra was deleted.]]></translation>
				<translation language="nl"><![CDATA[De extra is verwijderd.]]></translation>
			</item>
			<item type="message" name="EditAlbum">
				<translation language="en"><![CDATA[edit album "%1$s".]]></translation>
				<translation language="nl"><![CDATA[wijzig album "%1$s".]]></translation>
			</item>
			<item type="message" name="EditedImage">
				<translation language="en"><![CDATA[The image was saved.]]></translation>
				<translation language="nl"><![CDATA[De afbeelding is opgeslagen.]]></translation>
			</item>
			<item type="message" name="EditedModule">
				<translation language="en"><![CDATA[The module is saved.]]></translation>
				<translation language="nl"><![CDATA[De module is opgeslagen.]]></translation>
			</item>
			<item type="message" name="EditedWidget">
				<translation language="en"><![CDATA[The widget was saved.]]></translation>
				<translation language="nl"><![CDATA[De widget is opgeslagen.]]></translation>
			</item>
			<item type="message" name="EditedAlbum">
				<translation language="en"><![CDATA[The album was saved.]]></translation>
				<translation language="nl"><![CDATA[Het album is opgeslagen.]]></translation>
			</item>
			<item type="message" name="EditImage">
				<translation language="en"><![CDATA[edit image]]></translation>
				<translation language="nl"><![CDATA[wijzig afbeelding]]></translation>
			</item>
			<item type="message" name="ImageDeleted">
				<translation language="en"><![CDATA[The image is deleted.]]></translation>
				<translation language="en"><![CDATA[De afbeelding is verwijderd.]]></translation>
			</item>
			<item type="message" name="ItemDeleted">
				<translation language="en"><![CDATA[The album is deleted.]]></translation>
				<translation language="nl"><![CDATA[Het albums is verwijderd.]]></translation>
			</item>
			<item type="message" name="ItemHidden">
				<translation language="en"><![CDATA[The album is hidden.]]></translation>
				<translation language="nl"><![CDATA[Het album is verborgen.]]></translation>
			</item>
			<item type="message" name="ItemPublished">
				<translation language="en"><![CDATA[The album is published.]]></translation>
				<translation language="nl"><![CDATA[Het album is gepubliceerd published.]]></translation>
			</item>
			<item type="message" name="ItemsDeleted">
				<translation language="en"><![CDATA[The albums are deleted.]]></translation>
				<translation language="nl"><![CDATA[De albums zijn verwijderd.]]></translation>
			</item>
			<item type="message" name="ItemsHidden">
				<translation language="en"><![CDATA[The albums are hidden.]]></translation>
				<translation language="nl"><![CDATA[De albums zijn verborgen.]]></translation>
			</item>
			<item type="message" name="ItemsPublished">
				<translation language="en"><![CDATA[The albums are published.]]></translation>
				<translation language="nl"><![CDATA[De albums zijn gepubliceerd.]]></translation>
			</item>
			<item type="message" name="NoAlbums">
				<translation language="en"><![CDATA[There are no albums yet. <a href="%1$s">Create your first album</a>.]]></translation>
				<translation language="nl"><![CDATA[Er zijn nog geen albums. <a href="%1$s">Maak je eerste album aan</a>.]]></translation>
			</item>
			<item type="message" name="NoCategories">
				<translation language="en"><![CDATA[There are no categories yet, please <a href="%1$s">create a category</a> first.]]></translation>
				<translation language="nl"><![CDATA[Er zijn nog geen categorieën. <a href="%1$s">Maak je eerste category aan</a> first.]]></translation>
			</item>
			<item type="message" name="NoImages">
				<translation language="en"><![CDATA[There are no images yet. <a href="%1$s">Upload your first images</a>.]]></translation>
				<translation language="en"><![CDATA[There are no images yet. <a href="%1$s">Upload your first images</a>.]]></translation>
			</item>
			<item type="message" name="NoImagesSelected">
				<translation language="en"><![CDATA[No images selected.]]></translation>
				<translation language="nl"><![CDATA[Er zijn geen afbeeldingen geselecteerd.]]></translation>
			</item>
			<item type="message" name="NoItemsFilter">
				<translation language="en"><![CDATA[There are no albums yet for this filter.]]></translation>
				<translation language="nl"><![CDATA[Er zijn geen albums voor deze filter.]]></translation>
			</item>
			<item type="error" name="FieldMustBeGreatherThenZero">
				<translation language="en"><![CDATA[Must be greater then zero]]></translation>
				<translation language="nl"><![CDATA[Moet groter zijn dan nul]]></translation>
			</item>
			<item type="error" name="FieldMustBeNumeric">
				<translation language="en"><![CDATA[Must be numeric]]></translation>
				<translation language="nl"><![CDATA[Moet numeriek zijn]]></translation>
			</item>
			<item type="error" name="FileSizeIsTooLarge">
				<translation language="en"><![CDATA[The file size is too large]]></translation>
				<translation language="nl"><![CDATA[Te grote bestandsgrootte]]></translation>
			</item>
			<item type="error" name="NoActionSelected">
				<translation language="en"><![CDATA[no action selected]]></translation>
				<translation language="nl"><![CDATA[geen actie geselecteerd]]></translation>
			</item>
			<item type="error" name="NoAlbumsSelected">
				<translation language="en"><![CDATA[No albums selected]]></translation>
				<translation language="nl"><![CDATA[geen albums geselecteerd]]></translation>
			</item>
			<item type="error" name="NonExistingAlbum">
				<translation language="en"><![CDATA[the album doesn't exists]]></translation>
				<translation language="nl"><![CDATA[het album bestaat niet]]></translation>
			</item>
			<item type="error" name="ZipOnly">
				<translation language="en"><![CDATA[ZIP files only]]></translation>
				<translation language="nl"><![CDATA[Alleen zip bestanden]]></translation>
			</item>
			<item type="message" name="NoCategoriesSelected">
				<translation language="en"><![CDATA[No categories selected.]]></translation>
				<translation language="nl"><![CDATA[Er zijn nog geen categorieën geselecteerd.]]></translation>
			</item>
		</photogallery>
	</backend>
</locale>
